scenario,pair,algorithm,n_runs,mean_seconds,std_seconds,min_seconds,max_seconds,mean_minutes,std_minutes
OSDA,MHEALTH -> Pamap2,DANCE,45,10.677,1.013,8.706,13.453,0.1780,0.0169
OSDA,MHEALTH -> Pamap2,OSBP,45,10.330,1.223,8.208,14.028,0.1722,0.0204
OSDA,MHEALTH -> Pamap2,OVANet,45,10.368,0.885,8.463,11.887,0.1728,0.0148
OSDA,MHEALTH -> Pamap2,PPOT,45,31.793,3.691,25.494,38.595,0.5299,0.0615
OSDA,MHEALTH -> Pamap2,RAINCOAT,45,22.181,5.444,15.566,39.208,0.3697,0.0907
OSDA,MHEALTH -> Pamap2,TSFA,45,22.815,1.801,19.591,28.209,0.3802,0.0300
OSDA,MHEALTH -> Pamap2,UDA,45,11.518,0.959,9.959,14.797,0.1920,0.0160
OSDA,MHEALTH -> Pamap2,UniJDOT,45,90.396,11.536,73.166,119.650,1.5066,0.1923
OSDA,MHEALTH -> Pamap2,UniOT,45,50.683,3.424,43.611,63.849,0.8447,0.0571
OSDA,MHEALTH -> RealWorld,DANCE,20,13.089,2.490,10.343,16.458,0.2181,0.0415
OSDA,MHEALTH -> RealWorld,OSBP,20,12.860,1.461,10.397,14.615,0.2143,0.0244
OSDA,MHEALTH -> RealWorld,OVANet,20,13.191,2.023,10.343,16.496,0.2198,0.0337
OSDA,MHEALTH -> RealWorld,PPOT,20,53.967,8.648,40.505,65.015,0.8994,0.1441
OSDA,MHEALTH -> RealWorld,RAINCOAT,20,34.968,5.991,22.158,45.806,0.5828,0.0999
OSDA,MHEALTH -> RealWorld,TSFA,20,26.167,3.550,21.240,31.432,0.4361,0.0592
OSDA,MHEALTH -> RealWorld,UDA,20,14.284,1.567,11.743,17.135,0.2381,0.0261
OSDA,MHEALTH -> RealWorld,UniJDOT,20,72.512,7.395,59.724,82.134,1.2085,0.1232
OSDA,MHEALTH -> RealWorld,UniOT,20,46.853,6.901,36.154,58.876,0.7809,0.1150
OSDA,Pamap2 -> MHEALTH,DANCE,40,21.236,1.550,18.625,24.437,0.3539,0.0258
OSDA,Pamap2 -> MHEALTH,OSBP,40,22.292,1.785,18.970,26.125,0.3715,0.0297
OSDA,Pamap2 -> MHEALTH,OVANet,40,20.907,1.640,17.970,25.402,0.3484,0.0273
OSDA,Pamap2 -> MHEALTH,PPOT,40,39.068,2.318,35.523,47.494,0.6511,0.0386
OSDA,Pamap2 -> MHEALTH,RAINCOAT,40,37.475,6.509,23.802,54.264,0.6246,0.1085
OSDA,Pamap2 -> MHEALTH,TSFA,40,50.204,4.737,46.693,77.797,0.8367,0.0790
OSDA,Pamap2 -> MHEALTH,UDA,40,25.094,1.490,22.171,28.680,0.4182,0.0248
OSDA,Pamap2 -> MHEALTH,UniJDOT,40,211.107,15.231,185.230,247.592,3.5185,0.2539
OSDA,Pamap2 -> MHEALTH,UniOT,40,135.425,8.114,121.193,151.790,2.2571,0.1352
OSDA,Pamap2 -> RealWorld,DANCE,20,30.236,1.760,26.682,32.912,0.5039,0.0293
OSDA,Pamap2 -> RealWorld,OSBP,20,30.539,2.948,26.697,35.312,0.5090,0.0491
OSDA,Pamap2 -> RealWorld,OVANet,20,28.655,2.051,24.229,31.757,0.4776,0.0342
OSDA,Pamap2 -> RealWorld,PPOT,20,83.946,3.990,75.778,89.036,1.3991,0.0665
OSDA,Pamap2 -> RealWorld,RAINCOAT,20,68.671,11.318,54.473,89.802,1.1445,0.1886
OSDA,Pamap2 -> RealWorld,TSFA,20,64.082,2.629,60.354,71.595,1.0680,0.0438
OSDA,Pamap2 -> RealWorld,UDA,20,33.148,2.333,29.032,36.859,0.5525,0.0389
OSDA,Pamap2 -> RealWorld,UniJDOT,20,248.909,25.703,213.832,298.248,4.1485,0.4284
OSDA,Pamap2 -> RealWorld,UniOT,20,149.621,4.813,141.635,156.680,2.4937,0.0802
OSDA,RealWorld -> MHEALTH,DANCE,40,138.056,22.398,107.176,212.295,2.3009,0.3733
OSDA,RealWorld -> MHEALTH,OSBP,40,145.672,19.078,120.692,203.578,2.4279,0.3180
OSDA,RealWorld -> MHEALTH,OVANet,40,136.199,20.684,111.447,211.572,2.2700,0.3447
OSDA,RealWorld -> MHEALTH,PPOT,40,291.683,141.957,196.611,857.098,4.8614,2.3659
OSDA,RealWorld -> MHEALTH,RAINCOAT,40,43.887,13.558,27.116,80.469,0.7315,0.2260
OSDA,RealWorld -> MHEALTH,TSFA,40,381.727,194.768,257.949,1282.428,6.3621,3.2461
OSDA,RealWorld -> MHEALTH,UDA,35,156.826,10.859,132.491,173.568,2.6138,0.1810
OSDA,RealWorld -> MHEALTH,UniJDOT,40,1442.457,406.423,1089.549,2635.067,24.0410,6.7737
OSDA,RealWorld -> MHEALTH,UniOT,40,979.413,432.746,622.498,2738.795,16.3236,7.2124
OSDA,RealWorld -> Pamap2,DANCE,45,148.662,32.456,122.804,244.935,2.4777,0.5409
OSDA,RealWorld -> Pamap2,OSBP,45,154.872,29.135,119.787,239.855,2.5812,0.4856
OSDA,RealWorld -> Pamap2,OVANet,45,140.290,20.922,118.524,216.425,2.3382,0.3487
OSDA,RealWorld -> Pamap2,PPOT,45,374.260,180.386,251.078,896.239,6.2377,3.0064
OSDA,RealWorld -> Pamap2,RAINCOAT,53,203.278,51.127,103.324,286.945,3.3880,0.8521
OSDA,RealWorld -> Pamap2,TSFA,45,413.775,219.677,291.221,1296.259,6.8963,3.6613
OSDA,RealWorld -> Pamap2,UDA,45,164.368,22.846,143.143,226.774,2.7395,0.3808
OSDA,RealWorld -> Pamap2,UniJDOT,45,1649.119,470.625,1190.297,2904.428,27.4853,7.8438
OSDA,RealWorld -> Pamap2,UniOT,45,1132.502,518.413,752.695,2440.557,18.8750,8.6402
PDA,MHEALTH -> Pamap2,DANCE,40,29.851,9.153,17.719,66.386,0.4975,0.1526
PDA,MHEALTH -> Pamap2,OVANet,40,28.062,6.151,20.054,38.965,0.4677,0.1025
PDA,MHEALTH -> Pamap2,PDAAN,40,23.753,6.064,14.983,38.708,0.3959,0.1011
PDA,MHEALTH -> Pamap2,PPOT,40,52.446,10.677,36.091,72.907,0.8741,0.1780
PDA,MHEALTH -> Pamap2,RAINCOAT,40,46.461,10.137,30.964,70.336,0.7744,0.1690
PDA,MHEALTH -> Pamap2,SPADA,40,23.487,5.178,15.352,34.563,0.3914,0.0863
PDA,MHEALTH -> Pamap2,UDA,40,35.233,8.604,23.274,66.637,0.5872,0.1434
PDA,MHEALTH -> Pamap2,UniJDOT,40,155.015,40.296,99.917,223.983,2.5836,0.6716
PDA,MHEALTH -> Pamap2,UniOT,40,180.789,52.924,81.429,293.138,3.0131,0.8821
PDA,MHEALTH -> RealWorld,DANCE,40,35.610,7.234,24.993,46.799,0.5935,0.1206
PDA,MHEALTH -> RealWorld,OVANet,40,38.864,21.112,24.232,158.859,0.6477,0.3519
PDA,MHEALTH -> RealWorld,PDAAN,40,28.374,5.914,18.415,40.151,0.4729,0.0986
PDA,MHEALTH -> RealWorld,PPOT,40,113.579,13.056,95.934,139.472,1.8930,0.2176
PDA,MHEALTH -> RealWorld,RAINCOAT,40,63.601,9.823,49.172,82.987,1.0600,0.1637
PDA,MHEALTH -> RealWorld,SPADA,40,31.614,21.432,20.589,160.353,0.5269,0.3572
PDA,MHEALTH -> RealWorld,UDA,40,44.453,21.544,30.102,168.718,0.7409,0.3591
PDA,MHEALTH -> RealWorld,UniJDOT,40,177.624,42.558,103.261,245.058,2.9604,0.7093
PDA,MHEALTH -> RealWorld,UniOT,40,176.770,46.853,101.464,264.673,2.9462,0.7809
PDA,Pamap2 -> MHEALTH,DANCE,45,63.802,10.069,44.817,84.875,1.0634,0.1678
PDA,Pamap2 -> MHEALTH,OVANet,45,62.724,10.328,44.682,84.992,1.0454,0.1721
PDA,Pamap2 -> MHEALTH,PDAAN,45,39.724,7.594,26.501,61.395,0.6621,0.1266
PDA,Pamap2 -> MHEALTH,PPOT,45,136.722,34.216,80.568,189.954,2.2787,0.5703
PDA,Pamap2 -> MHEALTH,RAINCOAT,45,24.070,3.579,17.607,32.926,0.4012,0.0597
PDA,Pamap2 -> MHEALTH,SPADA,45,43.749,7.491,28.503,61.438,0.7292,0.1248
PDA,Pamap2 -> MHEALTH,UDA,45,73.191,11.772,55.293,98.553,1.2198,0.1962
PDA,Pamap2 -> MHEALTH,UniJDOT,45,792.905,211.041,515.143,1281.579,13.2151,3.5173
PDA,Pamap2 -> MHEALTH,UniOT,45,386.114,69.226,238.653,548.116,6.4352,1.1538
PDA,Pamap2 -> RealWorld,DANCE,45,77.825,13.382,55.422,100.678,1.2971,0.2230
PDA,Pamap2 -> RealWorld,OVANet,45,76.061,13.232,54.015,98.133,1.2677,0.2205
PDA,Pamap2 -> RealWorld,PDAAN,45,54.750,12.804,34.825,76.418,0.9125,0.2134
PDA,Pamap2 -> RealWorld,PPOT,45,183.572,39.545,120.274,262.818,3.0595,0.6591
PDA,Pamap2 -> RealWorld,RAINCOAT,45,129.305,17.975,95.660,160.309,2.1551,0.2996
PDA,Pamap2 -> RealWorld,SPADA,45,56.525,10.539,38.691,72.260,0.9421,0.1756
PDA,Pamap2 -> RealWorld,UDA,45,87.738,14.528,62.552,114.103,1.4623,0.2421
PDA,Pamap2 -> RealWorld,UniJDOT,45,831.363,204.108,542.423,1239.561,13.8560,3.4018
PDA,Pamap2 -> RealWorld,UniOT,45,406.769,61.736,271.839,622.302,6.7795,1.0289
PDA,RealWorld -> MHEALTH,DANCE,21,164.485,21.865,132.451,197.447,2.7414,0.3644
PDA,RealWorld -> MHEALTH,OSBP,5,171.831,3.788,168.422,178.247,2.8639,0.0631
PDA,RealWorld -> MHEALTH,OVANet,20,170.811,18.956,143.338,199.412,2.8468,0.3159
PDA,RealWorld -> MHEALTH,PDAAN,20,107.552,16.881,85.802,136.803,1.7925,0.2814
PDA,RealWorld -> MHEALTH,PPOT,20,335.607,69.981,243.470,453.060,5.5934,1.1664
PDA,RealWorld -> MHEALTH,RAINCOAT,20,25.010,4.547,18.844,35.275,0.4168,0.0758
PDA,RealWorld -> MHEALTH,SPADA,20,113.559,19.634,93.126,146.971,1.8926,0.3272
PDA,RealWorld -> MHEALTH,TSFA,5,397.949,7.797,389.030,406.542,6.6325,0.1299
PDA,RealWorld -> MHEALTH,UDA,16,188.995,19.088,166.082,250.410,3.1499,0.3181
PDA,RealWorld -> MHEALTH,UniJDOT,20,1928.089,314.411,1527.294,2658.554,32.1348,5.2402
PDA,RealWorld -> MHEALTH,UniOT,20,1005.188,321.253,521.651,1479.451,16.7531,5.3542
PDA,RealWorld -> Pamap2,DANCE,20,180.307,29.767,139.430,235.358,3.0051,0.4961
PDA,RealWorld -> Pamap2,OVANet,20,174.179,41.587,118.174,244.578,2.9030,0.6931
PDA,RealWorld -> Pamap2,PDAAN,20,110.322,29.976,75.561,162.091,1.8387,0.4996
PDA,RealWorld -> Pamap2,PPOT,21,371.311,48.737,287.295,455.197,6.1885,0.8123
PDA,RealWorld -> Pamap2,RAINCOAT,20,63.913,14.375,46.538,89.551,1.0652,0.2396
PDA,RealWorld -> Pamap2,SPADA,20,123.527,31.752,81.208,174.977,2.0588,0.5292
PDA,RealWorld -> Pamap2,UDA,14,176.377,20.769,148.581,202.224,2.9396,0.3462
PDA,RealWorld -> Pamap2,UniJDOT,20,1934.549,279.735,1481.022,2380.803,32.2425,4.6622
PDA,RealWorld -> Pamap2,UniOT,21,1028.601,235.456,654.870,1322.712,17.1433,3.9243
UniDA,MHEALTH -> Pamap2,DANCE,40,14.599,2.911,9.163,18.534,0.2433,0.0485
UniDA,MHEALTH -> Pamap2,OVANet,40,14.325,2.457,9.585,18.466,0.2387,0.0410
UniDA,MHEALTH -> Pamap2,PPOT,40,35.503,5.892,24.192,45.354,0.5917,0.0982
UniDA,MHEALTH -> Pamap2,RAINCOAT,40,28.175,4.343,19.452,36.955,0.4696,0.0724
UniDA,MHEALTH -> Pamap2,UDA,40,17.115,3.119,12.559,22.808,0.2852,0.0520
UniDA,MHEALTH -> Pamap2,UniJDOT,40,94.872,19.358,67.797,148.198,1.5812,0.3226
UniDA,MHEALTH -> Pamap2,UniOT,40,51.465,9.241,38.195,76.019,0.8577,0.1540
UniDA,MHEALTH -> RealWorld,DANCE,20,14.840,3.511,11.343,20.575,0.2473,0.0585
UniDA,MHEALTH -> RealWorld,OVANet,20,14.581,3.334,11.244,20.062,0.2430,0.0556
UniDA,MHEALTH -> RealWorld,PPOT,20,53.623,9.278,43.734,71.045,0.8937,0.1546
UniDA,MHEALTH -> RealWorld,RAINCOAT,20,39.893,17.408,22.666,74.537,0.6649,0.2901
UniDA,MHEALTH -> RealWorld,UDA,20,16.721,3.466,12.828,23.626,0.2787,0.0578
UniDA,MHEALTH -> RealWorld,UniJDOT,20,102.640,33.761,66.036,164.285,1.7107,0.5627
UniDA,MHEALTH -> RealWorld,UniOT,20,57.872,12.354,41.598,88.408,0.9645,0.2059
UniDA,Pamap2 -> MHEALTH,DANCE,40,49.280,7.353,35.639,60.590,0.8213,0.1226
UniDA,Pamap2 -> MHEALTH,OVANet,40,48.071,6.559,35.881,57.057,0.8012,0.1093
UniDA,Pamap2 -> MHEALTH,PPOT,40,85.730,12.993,64.071,115.569,1.4288,0.2166
UniDA,Pamap2 -> MHEALTH,RAINCOAT,40,33.307,7.326,21.505,48.873,0.5551,0.1221
UniDA,Pamap2 -> MHEALTH,UDA,42,57.567,10.402,40.757,74.184,0.9594,0.1734
UniDA,Pamap2 -> MHEALTH,UniJDOT,38,370.293,92.176,208.720,567.905,6.1715,1.5363
UniDA,Pamap2 -> MHEALTH,UniOT,40,241.220,34.307,153.126,304.452,4.0203,0.5718
UniDA,Pamap2 -> RealWorld,DANCE,30,57.153,7.535,42.955,73.783,0.9525,0.1256
UniDA,Pamap2 -> RealWorld,OVANet,30,57.362,7.586,44.756,73.190,0.9560,0.1264
UniDA,Pamap2 -> RealWorld,PPOT,30,130.144,18.228,105.342,161.989,2.1691,0.3038
UniDA,Pamap2 -> RealWorld,RAINCOAT,30,102.799,27.312,78.530,171.730,1.7133,0.4552
UniDA,Pamap2 -> RealWorld,UDA,30,66.895,8.259,53.246,78.245,1.1149,0.1377
UniDA,Pamap2 -> RealWorld,UniJDOT,29,487.542,112.344,329.881,756.210,8.1257,1.8724
UniDA,Pamap2 -> RealWorld,UniOT,30,306.100,49.626,211.927,416.142,5.1017,0.8271
UniDA,RealWorld -> MHEALTH,DANCE,20,128.862,10.623,108.514,144.745,2.1477,0.1770
UniDA,RealWorld -> MHEALTH,OVANet,20,129.263,10.351,112.072,149.928,2.1544,0.1725
UniDA,RealWorld -> MHEALTH,PPOT,20,245.259,31.877,206.009,338.752,4.0876,0.5313
UniDA,RealWorld -> MHEALTH,RAINCOAT,20,30.147,5.171,24.301,41.770,0.5024,0.0862
UniDA,RealWorld -> MHEALTH,UDA,15,154.595,17.289,133.956,207.166,2.5766,0.2882
UniDA,RealWorld -> MHEALTH,UniJDOT,20,1294.038,193.414,1078.530,1818.177,21.5673,3.2236
UniDA,RealWorld -> MHEALTH,UniOT,20,766.337,202.934,331.763,1040.981,12.7723,3.3822
UniDA,RealWorld -> Pamap2,DANCE,20,174.705,18.091,139.819,193.363,2.9117,0.3015
UniDA,RealWorld -> Pamap2,OVANet,20,173.910,15.915,143.665,190.328,2.8985,0.2652
UniDA,RealWorld -> Pamap2,PPOT,20,335.132,52.222,287.715,444.257,5.5855,0.8704
UniDA,RealWorld -> Pamap2,RAINCOAT,20,147.405,17.826,114.460,180.867,2.4567,0.2971
UniDA,RealWorld -> Pamap2,UDA,12,202.525,17.881,161.873,221.082,3.3754,0.2980
UniDA,RealWorld -> Pamap2,UniJDOT,20,1678.002,304.916,1358.291,2578.978,27.9667,5.0819
UniDA,RealWorld -> Pamap2,UniOT,20,954.797,279.908,466.375,1445.202,15.9133,4.6651
closed_set,Pamap2 -> RealWorld,ACON,5,58.425,32.388,36.519,113.669,0.9737,0.5398
closed_set,Pamap2 -> RealWorld,AdvSKM,5,20.131,0.672,19.339,20.753,0.3355,0.0112
closed_set,Pamap2 -> RealWorld,CDAN,5,18.459,1.197,17.345,20.346,0.3077,0.0200
closed_set,Pamap2 -> RealWorld,CLUDA,5,44.209,1.236,42.169,45.063,0.7368,0.0206
closed_set,Pamap2 -> RealWorld,CoDATS,5,16.598,0.626,15.519,17.061,0.2766,0.0104
closed_set,Pamap2 -> RealWorld,CoTMix,5,23.362,1.356,22.062,25.230,0.3894,0.0226
closed_set,Pamap2 -> RealWorld,DAAN,5,52.163,0.765,51.067,52.811,0.8694,0.0127
closed_set,Pamap2 -> RealWorld,DANCE,5,29.435,1.199,27.872,31.087,0.4906,0.0200
closed_set,Pamap2 -> RealWorld,DANN,5,15.685,0.928,14.220,16.720,0.2614,0.0155
closed_set,Pamap2 -> RealWorld,DDC,5,12.967,0.842,12.234,14.276,0.2161,0.0140
closed_set,Pamap2 -> RealWorld,DIRT,5,54.557,1.299,52.896,56.334,0.9093,0.0217
closed_set,Pamap2 -> RealWorld,DSAN,5,73.442,0.790,72.399,74.464,1.2240,0.0132
closed_set,Pamap2 -> RealWorld,Deep_Coral,5,12.884,0.469,12.149,13.417,0.2147,0.0078
closed_set,Pamap2 -> RealWorld,HoMM,5,38.374,3.459,34.719,42.837,0.6396,0.0576
closed_set,Pamap2 -> RealWorld,MMDA,5,30.230,0.526,29.738,31.072,0.5038,0.0088
closed_set,Pamap2 -> RealWorld,OSBP,5,21.266,0.648,20.386,22.081,0.3544,0.0108
closed_set,Pamap2 -> RealWorld,OVANet,5,28.613,1.026,27.604,29.701,0.4769,0.0171
closed_set,Pamap2 -> RealWorld,PDAAN,5,16.328,1.002,15.148,17.522,0.2721,0.0167
closed_set,Pamap2 -> RealWorld,PPOT,5,73.546,4.535,68.980,80.111,1.2258,0.0756
closed_set,Pamap2 -> RealWorld,RAINCOAT,5,82.314,17.450,62.668,110.709,1.3719,0.2908
closed_set,Pamap2 -> RealWorld,SASA,5,31.338,0.508,30.581,31.983,0.5223,0.0085
closed_set,Pamap2 -> RealWorld,SPADA,5,16.997,0.961,15.930,17.957,0.2833,0.0160
closed_set,Pamap2 -> RealWorld,SSSS_TSA,5,348.739,8.496,338.990,360.729,5.8123,0.1416
closed_set,Pamap2 -> RealWorld,SWL_Adapt,5,129.807,1.629,127.716,132.158,2.1635,0.0272
closed_set,Pamap2 -> RealWorld,TSFA,5,48.179,0.777,47.277,49.052,0.8030,0.0129
closed_set,Pamap2 -> RealWorld,UDA,5,25.166,0.616,24.701,26.186,0.4194,0.0103
closed_set,Pamap2 -> RealWorld,UniJDOT,5,253.064,5.825,245.265,258.712,4.2177,0.0971
closed_set,Pamap2 -> RealWorld,UniOT,5,165.450,8.732,154.322,174.156,2.7575,0.1455
closed_set,Pamap2 -> RealWorld,uDAR,5,56.314,1.929,54.273,58.703,0.9386,0.0321
closed_set,Pamap2 -> mhealth,ACON,5,16.819,0.875,15.578,17.497,0.2803,0.0146
closed_set,Pamap2 -> mhealth,AdvSKM,5,9.815,0.167,9.600,10.058,0.1636,0.0028
closed_set,Pamap2 -> mhealth,CDAN,5,7.231,0.439,6.584,7.590,0.1205,0.0073
closed_set,Pamap2 -> mhealth,CLUDA,5,19.318,0.388,18.713,19.672,0.3220,0.0065
closed_set,Pamap2 -> mhealth,CoDATS,5,6.334,0.252,6.126,6.752,0.1056,0.0042
closed_set,Pamap2 -> mhealth,CoTMix,5,9.153,0.230,8.993,9.556,0.1526,0.0038
closed_set,Pamap2 -> mhealth,DAAN,5,22.364,1.027,21.318,23.726,0.3727,0.0171
closed_set,Pamap2 -> mhealth,DANCE,5,22.339,2.288,20.322,26.136,0.3723,0.0381
closed_set,Pamap2 -> mhealth,DANN,5,6.295,0.412,5.595,6.575,0.1049,0.0069
closed_set,Pamap2 -> mhealth,DDC,5,6.528,0.191,6.205,6.666,0.1088,0.0032
closed_set,Pamap2 -> mhealth,DIRT,5,23.568,0.518,22.867,24.168,0.3928,0.0086
closed_set,Pamap2 -> mhealth,DSAN,5,34.025,1.488,32.896,36.380,0.5671,0.0248
closed_set,Pamap2 -> mhealth,Deep_Coral,5,5.536,0.413,5.038,6.119,0.0923,0.0069
closed_set,Pamap2 -> mhealth,HoMM,5,14.070,1.314,13.097,16.323,0.2345,0.0219
closed_set,Pamap2 -> mhealth,MMDA,5,13.781,0.730,12.770,14.623,0.2297,0.0122
closed_set,Pamap2 -> mhealth,OSBP,5,17.867,0.294,17.535,18.333,0.2978,0.0049
closed_set,Pamap2 -> mhealth,OVANet,5,22.184,0.628,21.391,23.079,0.3697,0.0105
closed_set,Pamap2 -> mhealth,PDAAN,5,10.755,0.153,10.586,10.941,0.1792,0.0026
closed_set,Pamap2 -> mhealth,PPOT,5,39.294,0.408,38.809,39.661,0.6549,0.0068
closed_set,Pamap2 -> mhealth,RAINCOAT,5,25.854,2.095,22.757,27.700,0.4309,0.0349
closed_set,Pamap2 -> mhealth,SASA,5,13.493,0.347,12.937,13.815,0.2249,0.0058
closed_set,Pamap2 -> mhealth,SPADA,5,11.331,0.434,11.028,12.071,0.1888,0.0072
closed_set,Pamap2 -> mhealth,SSSS_TSA,5,152.157,2.684,148.509,156.061,2.5359,0.0447
closed_set,Pamap2 -> mhealth,SWL_Adapt,5,56.774,0.810,56.095,57.930,0.9462,0.0135
closed_set,Pamap2 -> mhealth,TSFA,5,47.881,1.906,45.758,50.423,0.7980,0.0318
closed_set,Pamap2 -> mhealth,UDA,5,19.976,0.896,18.981,21.366,0.3329,0.0149
closed_set,Pamap2 -> mhealth,UniJDOT,5,217.317,5.800,210.649,225.394,3.6220,0.0967
closed_set,Pamap2 -> mhealth,UniOT,5,126.215,12.476,114.850,146.118,2.1036,0.2079
closed_set,Pamap2 -> mhealth,uDAR,5,18.632,0.232,18.329,18.889,0.3105,0.0039
closed_set,RealWorld -> Pamap2,ACON,5,60.806,1.562,59.150,62.680,1.0134,0.0260
closed_set,RealWorld -> Pamap2,AdvSKM,5,28.670,0.500,28.233,29.517,0.4778,0.0083
closed_set,RealWorld -> Pamap2,CDAN,5,24.572,1.094,22.971,25.685,0.4095,0.0182
closed_set,RealWorld -> Pamap2,CLUDA,5,76.849,3.744,72.446,80.811,1.2808,0.0624
closed_set,RealWorld -> Pamap2,CoDATS,5,22.627,0.757,21.589,23.471,0.3771,0.0126
closed_set,RealWorld -> Pamap2,CoTMix,5,33.063,1.262,31.520,34.667,0.5510,0.0210
closed_set,RealWorld -> Pamap2,DAAN,5,80.799,2.052,79.167,84.155,1.3467,0.0342
closed_set,RealWorld -> Pamap2,DANCE,5,120.701,3.278,116.775,125.462,2.0117,0.0546
closed_set,RealWorld -> Pamap2,DANN,5,21.128,0.387,20.778,21.598,0.3521,0.0065
closed_set,RealWorld -> Pamap2,DDC,5,19.509,0.676,18.496,20.228,0.3252,0.0113
closed_set,RealWorld -> Pamap2,DIRT,5,77.928,1.487,75.589,79.634,1.2988,0.0248
closed_set,RealWorld -> Pamap2,DSAN,5,116.149,1.126,114.594,117.319,1.9358,0.0188
closed_set,RealWorld -> Pamap2,Deep_Coral,5,18.721,0.431,18.127,19.186,0.3120,0.0072
closed_set,RealWorld -> Pamap2,HoMM,5,52.528,1.772,49.433,53.712,0.8755,0.0295
closed_set,RealWorld -> Pamap2,MMDA,5,42.554,0.515,42.017,43.195,0.7092,0.0086
closed_set,RealWorld -> Pamap2,OSBP,5,98.498,4.317,93.002,102.734,1.6416,0.0719
closed_set,RealWorld -> Pamap2,OVANet,5,126.608,1.562,125.272,128.843,2.1101,0.0260
closed_set,RealWorld -> Pamap2,PDAAN,5,59.301,1.303,57.786,60.922,0.9884,0.0217
closed_set,RealWorld -> Pamap2,PPOT,5,330.951,31.325,276.421,349.504,5.5159,0.5221
closed_set,RealWorld -> Pamap2,RAINCOAT,5,82.422,6.869,71.274,88.987,1.3737,0.1145
closed_set,RealWorld -> Pamap2,SASA,5,45.457,1.537,44.399,48.153,0.7576,0.0256
closed_set,RealWorld -> Pamap2,SPADA,5,64.134,1.059,62.775,65.328,1.0689,0.0177
closed_set,RealWorld -> Pamap2,SSSS_TSA,5,553.984,15.286,532.810,572.800,9.2331,0.2548
closed_set,RealWorld -> Pamap2,SWL_Adapt,5,187.449,1.820,184.826,189.745,3.1242,0.0303
closed_set,RealWorld -> Pamap2,TSFA,5,277.306,7.053,266.489,285.888,4.6218,0.1175
closed_set,RealWorld -> Pamap2,UDA,5,121.152,6.281,112.817,127.405,2.0192,0.1047
closed_set,RealWorld -> Pamap2,UniJDOT,5,1369.329,47.254,1324.518,1439.675,22.8222,0.7876
closed_set,RealWorld -> Pamap2,UniOT,5,698.462,51.532,633.524,750.731,11.6410,0.8589
closed_set,RealWorld -> Pamap2,uDAR,5,83.837,3.505,78.170,86.563,1.3973,0.0584
closed_set,RealWorld -> mhealth,ACON,5,25.395,1.840,23.506,27.886,0.4233,0.0307
closed_set,RealWorld -> mhealth,AdvSKM,5,12.340,0.434,11.879,13.009,0.2057,0.0072
closed_set,RealWorld -> mhealth,CDAN,5,12.334,0.223,12.018,12.590,0.2056,0.0037
closed_set,RealWorld -> mhealth,CLUDA,5,29.855,1.628,28.049,32.385,0.4976,0.0271
closed_set,RealWorld -> mhealth,CoDATS,5,10.030,0.379,9.635,10.566,0.1672,0.0063
closed_set,RealWorld -> mhealth,CoTMix,5,13.616,1.062,11.832,14.554,0.2269,0.0177
closed_set,RealWorld -> mhealth,DAAN,5,30.892,1.237,29.173,32.605,0.5149,0.0206
closed_set,RealWorld -> mhealth,DANCE,5,126.780,3.594,123.614,132.289,2.1130,0.0599
closed_set,RealWorld -> mhealth,DANN,5,9.765,0.799,8.961,10.889,0.1628,0.0133
closed_set,RealWorld -> mhealth,DDC,5,8.635,0.594,7.877,9.238,0.1439,0.0099
closed_set,RealWorld -> mhealth,DIRT,5,29.577,1.912,27.630,32.609,0.4930,0.0319
closed_set,RealWorld -> mhealth,DSAN,5,40.623,2.054,38.141,43.792,0.6770,0.0342
closed_set,RealWorld -> mhealth,Deep_Coral,5,8.822,0.310,8.544,9.350,0.1470,0.0052
closed_set,RealWorld -> mhealth,HoMM,5,21.641,3.929,16.638,26.333,0.3607,0.0655
closed_set,RealWorld -> mhealth,MMDA,5,18.415,0.326,17.867,18.693,0.3069,0.0054
closed_set,RealWorld -> mhealth,OSBP,5,96.660,5.442,91.617,103.864,1.6110,0.0907
closed_set,RealWorld -> mhealth,OVANet,5,122.941,2.091,120.039,125.861,2.0490,0.0349
closed_set,RealWorld -> mhealth,PDAAN,5,57.918,1.068,56.676,58.952,0.9653,0.0178
closed_set,RealWorld -> mhealth,PPOT,5,269.901,29.209,249.968,321.178,4.4983,0.4868
closed_set,RealWorld -> mhealth,RAINCOAT,5,25.934,3.376,20.355,28.894,0.4322,0.0563
closed_set,RealWorld -> mhealth,SASA,5,20.230,0.668,19.065,20.722,0.3372,0.0111
closed_set,RealWorld -> mhealth,SPADA,5,61.309,1.033,59.785,62.381,1.0218,0.0172
closed_set,RealWorld -> mhealth,SSSS_TSA,5,203.075,3.907,198.884,207.671,3.3846,0.0651
closed_set,RealWorld -> mhealth,SWL_Adapt,5,69.506,0.633,68.860,70.545,1.1584,0.0105
closed_set,RealWorld -> mhealth,TSFA,5,283.351,10.399,269.962,298.400,4.7225,0.1733
closed_set,RealWorld -> mhealth,UDA,5,118.877,6.903,110.724,125.702,1.9813,0.1150
closed_set,RealWorld -> mhealth,UniJDOT,5,1340.384,64.992,1244.958,1406.289,22.3397,1.0832
closed_set,RealWorld -> mhealth,UniOT,5,674.119,68.509,572.150,739.387,11.2353,1.1418
closed_set,RealWorld -> mhealth,uDAR,5,29.764,3.984,26.165,35.247,0.4961,0.0664
closed_set,mhealth -> Pamap2,ACON,5,11.007,0.252,10.849,11.442,0.1834,0.0042
closed_set,mhealth -> Pamap2,AdvSKM,5,6.841,0.135,6.699,7.021,0.1140,0.0023
closed_set,mhealth -> Pamap2,CDAN,5,5.080,0.113,4.968,5.252,0.0847,0.0019
closed_set,mhealth -> Pamap2,CLUDA,5,13.732,0.168,13.445,13.874,0.2289,0.0028
closed_set,mhealth -> Pamap2,CoDATS,5,4.547,0.143,4.388,4.721,0.0758,0.0024
closed_set,mhealth -> Pamap2,CoTMix,5,6.634,0.053,6.563,6.706,0.1106,0.0009
closed_set,mhealth -> Pamap2,DAAN,5,15.552,0.279,15.066,15.761,0.2592,0.0047
closed_set,mhealth -> Pamap2,DANCE,5,9.200,0.379,8.633,9.558,0.1533,0.0063
closed_set,mhealth -> Pamap2,DANN,5,4.795,0.090,4.724,4.941,0.0799,0.0015
closed_set,mhealth -> Pamap2,DDC,5,4.917,0.071,4.846,5.006,0.0819,0.0012
closed_set,mhealth -> Pamap2,DIRT,5,15.281,0.115,15.169,15.411,0.2547,0.0019
closed_set,mhealth -> Pamap2,DSAN,5,8.471,0.124,8.324,8.646,0.1412,0.0021
closed_set,mhealth -> Pamap2,Deep_Coral,5,4.116,0.311,3.911,4.657,0.0686,0.0052
closed_set,mhealth -> Pamap2,HoMM,5,9.290,0.048,9.225,9.344,0.1548,0.0008
closed_set,mhealth -> Pamap2,MMDA,5,10.012,0.453,9.570,10.590,0.1669,0.0076
closed_set,mhealth -> Pamap2,OSBP,5,6.897,0.411,6.587,7.566,0.1150,0.0069
closed_set,mhealth -> Pamap2,OVANet,5,9.232,0.313,8.873,9.703,0.1539,0.0052
closed_set,mhealth -> Pamap2,PDAAN,5,5.059,0.141,4.830,5.181,0.0843,0.0024
closed_set,mhealth -> Pamap2,PPOT,5,19.970,0.902,18.510,20.852,0.3328,0.0150
closed_set,mhealth -> Pamap2,RAINCOAT,5,17.255,2.474,13.907,20.500,0.2876,0.0412
closed_set,mhealth -> Pamap2,SASA,5,8.971,0.126,8.824,9.145,0.1495,0.0021
closed_set,mhealth -> Pamap2,SPADA,5,5.223,0.174,4.934,5.371,0.0871,0.0029
closed_set,mhealth -> Pamap2,SSSS_TSA,5,101.717,0.216,101.533,102.072,1.6953,0.0036
closed_set,mhealth -> Pamap2,SWL_Adapt,5,38.808,0.729,37.672,39.442,0.6468,0.0122
closed_set,mhealth -> Pamap2,TSFA,5,17.763,0.595,16.859,18.383,0.2961,0.0099
closed_set,mhealth -> Pamap2,UDA,5,7.980,0.308,7.528,8.305,0.1330,0.0051
closed_set,mhealth -> Pamap2,UniJDOT,5,79.515,5.111,73.399,84.729,1.3253,0.0852
closed_set,mhealth -> Pamap2,UniOT,5,44.901,3.384,38.893,46.790,0.7483,0.0564
closed_set,mhealth -> Pamap2,uDAR,5,13.049,0.525,12.695,13.966,0.2175,0.0087
closed_set,mhealth -> RealWorld,ACON,5,13.949,0.193,13.715,14.196,0.2325,0.0032
closed_set,mhealth -> RealWorld,AdvSKM,5,8.428,0.106,8.329,8.599,0.1405,0.0018
closed_set,mhealth -> RealWorld,CDAN,5,5.837,0.275,5.558,6.280,0.0973,0.0046
closed_set,mhealth -> RealWorld,CLUDA,5,15.159,0.403,14.477,15.550,0.2527,0.0067
closed_set,mhealth -> RealWorld,CoDATS,5,5.870,0.218,5.608,6.180,0.0978,0.0036
closed_set,mhealth -> RealWorld,CoTMix,5,7.847,0.126,7.699,7.985,0.1308,0.0021
closed_set,mhealth -> RealWorld,DAAN,5,17.380,0.573,16.500,18.085,0.2897,0.0096
closed_set,mhealth -> RealWorld,DANCE,5,13.847,1.058,12.886,15.494,0.2308,0.0176
closed_set,mhealth -> RealWorld,DANN,5,5.950,0.094,5.867,6.106,0.0992,0.0016
closed_set,mhealth -> RealWorld,DDC,5,6.109,0.420,5.539,6.597,0.1018,0.0070
closed_set,mhealth -> RealWorld,DIRT,5,17.432,0.901,16.413,18.597,0.2905,0.0150
closed_set,mhealth -> RealWorld,DSAN,5,9.656,0.256,9.377,10.044,0.1609,0.0043
closed_set,mhealth -> RealWorld,Deep_Coral,5,5.422,0.282,5.159,5.903,0.0904,0.0047
closed_set,mhealth -> RealWorld,HoMM,5,10.167,0.086,10.064,10.278,0.1695,0.0014
closed_set,mhealth -> RealWorld,MMDA,5,12.305,0.377,11.759,12.762,0.2051,0.0063
closed_set,mhealth -> RealWorld,OSBP,5,9.796,0.541,9.345,10.737,0.1633,0.0090
closed_set,mhealth -> RealWorld,OVANet,5,14.042,1.196,13.074,15.624,0.2340,0.0199
closed_set,mhealth -> RealWorld,PDAAN,5,6.961,0.212,6.654,7.142,0.1160,0.0035
closed_set,mhealth -> RealWorld,PPOT,5,47.378,0.625,46.590,48.341,0.7896,0.0104
closed_set,mhealth -> RealWorld,RAINCOAT,5,37.657,6.364,32.420,48.649,0.6276,0.1061
closed_set,mhealth -> RealWorld,SASA,5,11.973,0.597,10.922,12.332,0.1996,0.0100
closed_set,mhealth -> RealWorld,SPADA,5,7.425,0.414,6.962,8.002,0.1237,0.0069
closed_set,mhealth -> RealWorld,SSSS_TSA,5,116.462,4.593,109.627,120.187,1.9410,0.0765
closed_set,mhealth -> RealWorld,SWL_Adapt,5,43.845,0.931,42.382,44.690,0.7307,0.0155
closed_set,mhealth -> RealWorld,TSFA,5,22.731,0.688,21.654,23.520,0.3789,0.0115
closed_set,mhealth -> RealWorld,UDA,5,11.252,0.560,10.922,12.246,0.1875,0.0093
closed_set,mhealth -> RealWorld,UniJDOT,5,97.651,7.471,87.216,106.794,1.6275,0.1245
closed_set,mhealth -> RealWorld,UniOT,5,51.263,3.131,47.674,55.560,0.8544,0.0522
closed_set,mhealth -> RealWorld,uDAR,5,15.028,0.314,14.503,15.348,0.2505,0.0052
